Scene_ID,Image_Prompt,Overlay_Text,Citations
ALN-0001,"A crowded scene in the sunlit courts of the ancient Jerusalem Temple, where three thousand diverse figures in simple 1st-century tunics and robes gather in fervent public prayer, hands raised toward the shadowed porticoes and stone pillars, faces illuminated by soft daylight filtering through arches, conveying a sense of raw communal energy amid the weathered limestone architecture and distant city skyline Rendered as a heavy, hand-worked charcoal drawing on rough-textured aged parchment, with thick graphite strokes, deep smudged carbon blacks, and fine cross-hatching. The style mirrors 19th-century tonalism: soft-focus atmospheric edges and a strong sense of physical depth. The image is predominantly monochrome-rich charcoal blacks, charcoal-dust greys, and warm ivory-parchment midtones-with a restrained, ghostly tint of color drawn ONLY from the TheoEngage signature palette: oxidized gold ochre for candlelight and focal warmth; aged lapis indigo for deep, misty shadows; and a muted Byzantine crimson for subtle gravity. Colors appear as thin, dried pigment washes over the charcoal. Lighting is dramatic chiaroscuro, featuring high tonal contrast, deep velvety shadows, and softly glowing highlights. Visible paper fiber, toothy grain, and organic imperfections throughout. The final image must NOT read as digital art: no clean lines, no plastic surfaces, no smooth gradients, and no hyper-sharp AI detail. It must feel like an original, physical artifact found in a library archive.",Early Christian Worship | Jerusalem Believers | Temple Home Practices | Early joyful gatherings launched two millennia of Christian worship,
ALN-0002,"In a modest 1st-century Jewish home in Jerusalem, a small group of diverse early Christians in simple tunics and cloaks gathers around a low wooden table laden with unleavened bread and cups, one figure breaking bread in a gesture of blessing while others listen attentively to an apostle- teacher gesturing from a scroll; through an open window, the shadowed silhouette of the Second Temple looms in the distant twilight, evoking public devotion blended with intimate prayer; warm candlelight casts deep shadows across weathered stone walls and clay lamps, creating a focal point on the shared meal with Rendered as a heavy, hand-worked charcoal drawing on rough-textured aged parchment, with thick graphite strokes, deep smudged carbon blacks, and fine cross-hatching. The style mirrors 19th-century tonalism: soft-focus atmospheric edges and a strong sense of physical depth. The image is predominantly monochrome-rich charcoal blacks, charcoal-dust greys, and warm ivory-parchment midtones-with a restrained, ghostly tint of color drawn ONLY from the TheoEngage signature palette: oxidized gold ochre for candlelight and focal warmth; aged lapis indigo for deep, misty shadows; and a muted Byzantine crimson for subtle gravity. Colors appear as thin, dried pigment washes over the charcoal. Lighting is dramatic chiaroscuro, featuring high tonal contrast, deep velvety shadows, and softly glowing highlights. Visible paper fiber, toothy grain, and organic imperfections throughout. The final image must NOT read as digital art: no clean lines, no plastic surfaces, no smooth gradients, and no hyper-sharp AI detail. It must feel like an original, physical artifact found in a library archive.","breaking of bread | Christian meals evolve from homes to liturgical spaces, rooted in Scripture. | Breaking Bread Eucharistic Meal Early | Last Supper Jesus' Final Meal | Patristic Writings Texts Early Church | Early Christian Practices","Wallnofer, A Biblically Faithful Participation (2024)."
ALN-0003,"In a shadowed 4th-century basilica interior transitioning from house church simplicity, robed figures in early patristic-era vestments gather around a stone altar for the breaking of bread, one central cleric elevating a loaf in ritual gesture amid flickering oil lamps and scattered ancient codices on stands; architectural elements arched niches and fresco remnants evoke the shift from temple-shadowed homes to formalized spaces, with a faint path of light from a high window illuminating primary source scrolls in the foreground, symbolizing enduring scriptural heartbeat through historical pressures; deep Rendered as a heavy, hand-worked charcoal drawing on rough-textured aged parchment, with thick graphite strokes, deep smudged carbon blacks, and fine cross-hatching. The style mirrors 19th-century tonalism: soft-focus atmospheric edges and a strong sense of physical depth. The image is predominantly monochrome-rich charcoal blacks, charcoal-dust greys, and warm ivory-parchment midtones-with a restrained, ghostly tint of color drawn ONLY from the TheoEngage signature palette: oxidized gold ochre for candlelight and focal warmth; aged lapis indigo for deep, misty shadows; and a muted Byzantine crimson for subtle gravity. Colors appear as thin, dried pigment washes over the charcoal. Lighting is dramatic chiaroscuro, featuring high tonal contrast, deep velvety shadows, and softly glowing highlights. Visible paper fiber, toothy grain, and organic imperfections throughout. The final image must NOT read as digital art: no clean lines, no plastic surfaces, no smooth gradients, and no hyper-sharp AI detail. It must feel like an original, physical artifact found in a library archive.","breaking of bread | Christian meals evolve from homes to liturgical spaces, rooted in Scripture. | Breaking Bread Eucharistic Meal Early | Last Supper Jesus' Final Meal | Patristic Writings Texts Early Church | Early Christian Practices","Wallnofer, A Biblically Faithful Participation (2024)."
ALN-0004,"A split composition divided by a subtle shadowed vertical line, left side showing a diverse group of early Jewish converts in period-accurate 1st-century temple courtyard attire—simple tunics and cloaks—engaged in public prayer amid weathered stone columns and arched porticos under soft daylight filtering through; right side depicting the same group gathered intimately around a low wooden table in a modest Jerusalem home interior lit by warm oil lamp flicker, sharing unleavened bread and cups in a meal of fellowship, with woven mats on earthen floors and hanging linens; central focal point bridging the split is Rendered as a heavy, hand-worked charcoal drawing on rough-textured aged parchment, with thick graphite strokes, deep smudged carbon blacks, and fine cross-hatching. The style mirrors 19th-century tonalism: soft-focus atmospheric edges and a strong sense of physical depth. The image is predominantly monochrome-rich charcoal blacks, charcoal-dust greys, and warm ivory-parchment midtones-with a restrained, ghostly tint of color drawn ONLY from the TheoEngage signature palette: oxidized gold ochre for candlelight and focal warmth; aged lapis indigo for deep, misty shadows; and a muted Byzantine crimson for subtle gravity. Colors appear as thin, dried pigment washes over the charcoal. Lighting is dramatic chiaroscuro, featuring high tonal contrast, deep velvety shadows, and softly glowing highlights. Visible paper fiber, toothy grain, and organic imperfections throughout. The final image must NOT read as digital art: no clean lines, no plastic surfaces, no smooth gradients, and no hyper-sharp AI detail. It must feel like an original, physical artifact found in a library archive.",Jesus Christ (c. 4 BC–AD 30) - Founder of Christianity | Luke the Evangelist (c. AD 10–84) - Author of Gospel and Acts | Pentecost Jewish Feast Weeks Birth | Bread-breaking Communal Meal Recalling Jesus' | Proselytes Converts Judaism Paganism | Gentiles Non-jewish Peoples Nations,"Wallnofer, A Biblically Faithful Participation in The Lord’s Supper (2024). | Elsley, Annotations on the Four Gospels and the Acts of the Apostles (1824)."
ALN-0005,"In a dimly lit, humble stone-walled room of a late first-century Syrian home, a small group of robed figures in simple tunics gathers around a low wooden table, one figure raising a clay cup in prayer while another breaks a loaf of bread, evoking the Didache's eucharistic rite with expressions of solemn thanks, scattered oil lamps casting warm flickering shadows on aged parchment scrolls nearby, the composition centered on the cup and loaf as focal points with layered figures in midground and background suggesting community purity tied to baptism, deep chiaroscuro highlighting the ritual separation from casual Rendered as a heavy, hand-worked charcoal drawing on rough-textured aged parchment, with thick graphite strokes, deep smudged carbon blacks, and fine cross-hatching. The style mirrors 19th-century tonalism: soft-focus atmospheric edges and a strong sense of physical depth. The image is predominantly monochrome-rich charcoal blacks, charcoal-dust greys, and warm ivory-parchment midtones-with a restrained, ghostly tint of color drawn ONLY from the TheoEngage signature palette: oxidized gold ochre for candlelight and focal warmth; aged lapis indigo for deep, misty shadows; and a muted Byzantine crimson for subtle gravity. Colors appear as thin, dried pigment washes over the charcoal. Lighting is dramatic chiaroscuro, featuring high tonal contrast, deep velvety shadows, and softly glowing highlights. Visible paper fiber, toothy grain, and organic imperfections throughout. The final image must NOT read as digital art: no clean lines, no plastic surfaces, no smooth gradients, and no hyper-sharp AI detail. It must feel like an original, physical artifact found in a library archive.",Didache and Ignatius transform meals into unified eucharistic liturgy. | Ignatius of Antioch (c. 35-107) - Bishop of Antioch | Didache Early Christian Instructional Manual | Eucharist Thanksgiving Rite Bread Cup | Agape Communal Love Feast Meals | Liturgy Structured Communal Worship Rite,"Wallnofer, Biblically Faithful Participation in The Lord’s Supper (2024). | Jefford, Didache. | Eusebius, Ecclesiastical History."
ALN-0006,"Around 110 AD in an Antiochene house church with weathered stone arches and terracotta floors, a central bishop figure in a plain dalmatic extends hands over a shared loaf and cup on an altar- table, surrounded by a unified circle of diverse robed congregants in attentive postures, symbolizing Ignatius' call for one true eucharist under episcopal leadership and church unity, faint outlines of fellowship scrolls in the shadowed background, candlelight pooling softly on the bread-breaking focal point with deep misty recesses emphasizing separation from splintered meals, composition layering the bishop in Rendered as a heavy, hand-worked charcoal drawing on rough-textured aged parchment, with thick graphite strokes, deep smudged carbon blacks, and fine cross-hatching. The style mirrors 19th-century tonalism: soft-focus atmospheric edges and a strong sense of physical depth. The image is predominantly monochrome-rich charcoal blacks, charcoal-dust greys, and warm ivory-parchment midtones-with a restrained, ghostly tint of color drawn ONLY from the TheoEngage signature palette: oxidized gold ochre for candlelight and focal warmth; aged lapis indigo for deep, misty shadows; and a muted Byzantine crimson for subtle gravity. Colors appear as thin, dried pigment washes over the charcoal. Lighting is dramatic chiaroscuro, featuring high tonal contrast, deep velvety shadows, and softly glowing highlights. Visible paper fiber, toothy grain, and organic imperfections throughout. The final image must NOT read as digital art: no clean lines, no plastic surfaces, no smooth gradients, and no hyper-sharp AI detail. It must feel like an original, physical artifact found in a library archive.",Didache and Ignatius transform meals into unified eucharistic liturgy. | Ignatius of Antioch (c. 35-107) - Bishop of Antioch | Didache Early Christian Instructional Manual | Eucharist Thanksgiving Rite Bread Cup | Agape Communal Love Feast Meals | Liturgy Structured Communal Worship Rite,"Wallnofer, Biblically Faithful Participation in The Lord’s Supper (2024). | Jefford, Didache. | Eusebius, Ecclesiastical History."
ALN-0007,"In a dimly lit 2nd-century Roman home interior with rough stone walls and simple wooden furnishings, a small diverse group of believers in tunics and cloaks gathers around a low table under flickering candlelight; one figure reads aloud from a rolled parchment of apostolic writings in the foreground, while others listen attentively in the midground, with shared bread and cup elements on the table evoking communal remembrance; background shows shadowed doorways suggesting a private, orderly meeting space, conveying a sense of defiant joy and apostolic continuity in a shadowed, intimate atmosphere. Rendered Rendered as a heavy, hand-worked charcoal drawing on rough-textured aged parchment, with thick graphite strokes, deep smudged carbon blacks, and fine cross-hatching. The style mirrors 19th-century tonalism: soft-focus atmospheric edges and a strong sense of physical depth. The image is predominantly monochrome-rich charcoal blacks, charcoal-dust greys, and warm ivory-parchment midtones-with a restrained, ghostly tint of color drawn ONLY from the TheoEngage signature palette: oxidized gold ochre for candlelight and focal warmth; aged lapis indigo for deep, misty shadows; and a muted Byzantine crimson for subtle gravity. Colors appear as thin, dried pigment washes over the charcoal. Lighting is dramatic chiaroscuro, featuring high tonal contrast, deep velvety shadows, and softly glowing highlights. Visible paper fiber, toothy grain, and organic imperfections throughout. The final image must NOT read as digital art: no clean lines, no plastic surfaces, no smooth gradients, and no hyper-sharp AI detail. It must feel like an original, physical artifact found in a library archive.","Justin Martyr describes early Sunday worship as readings, prayers, and shared Eucharist. | Justin Martyr (c. 100-165) - Early Christian Apologist | Sunday Worship | Apology Key | Acts 2 Connection","Wallnofer, Biblically Faithful Participation (2024). | Saint Justin Martyr, First Apology."
ALN-0008,"In a dimly lit 3rd-century Roman house-church interior with shadowed stone walls and simple wooden furnishings, a central bishop figure in a plain tunic stands at a low table holding a chalice and loaf of bread, surrounded by a small gathered community of men and women in period tunics kneeling or seated on the floor, faint outlines of olives and cheese on the table, atmospheric depth from candlelight casting long shadows, evoking post-baptism communion and prayers on creation, incarnation, and end times. Rendered as a heavy, hand-worked Rendered as a heavy, hand-worked charcoal drawing on rough-textured aged parchment, with thick graphite strokes, deep smudged carbon blacks, and fine cross-hatching. The style mirrors 19th-century tonalism: soft-focus atmospheric edges and a strong sense of physical depth. The image is predominantly monochrome-rich charcoal blacks, charcoal-dust greys, and warm ivory-parchment midtones-with a restrained, ghostly tint of color drawn ONLY from the TheoEngage signature palette: oxidized gold ochre for candlelight and focal warmth; aged lapis indigo for deep, misty shadows; and a muted Byzantine crimson for subtle gravity. Colors appear as thin, dried pigment washes over the charcoal. Lighting is dramatic chiaroscuro, featuring high tonal contrast, deep velvety shadows, and softly glowing highlights. Visible paper fiber, toothy grain, and organic imperfections throughout. The final image must NOT read as digital art: no clean lines, no plastic surfaces, no smooth gradients, and no hyper-sharp AI detail. It must feel like an original, physical artifact found in a library archive.",Hippolytus of Rome (c. 170-235) - Early Christian Theologian | Justin Martyr (c. 100-165) - Early Christian Apologist | Apostolic Tradition structures liturgy and church roles. | Apostolic Tradition Third-century Church Order | Eucharist Sacramental Thanksgiving Over Bread | Incarnation God Assuming Human Form,Apostolic Tradition Hermeneia.
ALN-0009,"A shadowed assembly in a 3rd-century Roman atrium- space with weathered columns and tiled floor, a bishop in simple robes gesturing toward grouped figures including veiled widows seated together, a reader holding a scroll, and subdeacons arranging vessels, all in tunics appropriate to the era, central focus on shared bread-breaking elements a communal loaf, conveying disciplined structure from apostolic roots amid deep tonal contrasts from low interior light Rendered as a heavy, hand-worked charcoal drawing on rough-textured aged parchment, with thick graphite strokes, deep smudged carbon blacks, and fine cross-hatching. The style mirrors 19th-century tonalism: soft-focus atmospheric edges and a strong sense of physical depth. The image is predominantly monochrome-rich charcoal blacks, charcoal-dust greys, and warm ivory-parchment midtones-with a restrained, ghostly tint of color drawn ONLY from the TheoEngage signature palette: oxidized gold ochre for candlelight and focal warmth; aged lapis indigo for deep, misty shadows; and a muted Byzantine crimson for subtle gravity. Colors appear as thin, dried pigment washes over the charcoal. Lighting is dramatic chiaroscuro, featuring high tonal contrast, deep velvety shadows, and softly glowing highlights. Visible paper fiber, toothy grain, and organic imperfections throughout. The final image must NOT read as digital art: no clean lines, no plastic surfaces, no smooth gradients, and no hyper-sharp AI detail. It must feel like an original, physical artifact found in a library archive.",Hippolytus of Rome (c. 170-235) - Early Christian Theologian | Justin Martyr (c. 100-165) - Early Christian Apologist | Apostolic Tradition structures liturgy and church roles. | Apostolic Tradition Third-century Church Order | Eucharist Sacramental Thanksgiving Over Bread | Incarnation God Assuming Human Form,Apostolic Tradition Hermeneia.
ALN-0010,"In a shadowed fourth-century scriptorium in Caesarea, a robed scholar seated at a wooden desk laden with scrolls and an open codex, intently inscribing with a reed pen by the warm flicker of an oil lamp, surrounded by faint symbolic vignettes in the background of apostles sharing bread at a simple meal table and early Christians gathered in prayer amid subtle hints of persecution distant shadowed figures, the composition centered on the act of writing to evoke unbroken patristic links from Acts to contemporary worship without temple reliance, deep chiaroscuro lighting with candlelight highlighting the page Rendered as a heavy, hand-worked charcoal drawing on rough-textured aged parchment, with thick graphite strokes, deep smudged carbon blacks, and fine cross-hatching. The style mirrors 19th-century tonalism: soft-focus atmospheric edges and a strong sense of physical depth. The image is predominantly monochrome-rich charcoal blacks, charcoal-dust greys, and warm ivory-parchment midtones-with a restrained, ghostly tint of color drawn ONLY from the TheoEngage signature palette: oxidized gold ochre for candlelight and focal warmth; aged lapis indigo for deep, misty shadows; and a muted Byzantine crimson for subtle gravity. Colors appear as thin, dried pigment washes over the charcoal. Lighting is dramatic chiaroscuro, featuring high tonal contrast, deep velvety shadows, and softly glowing highlights. Visible paper fiber, toothy grain, and organic imperfections throughout. The final image must NOT read as digital art: no clean lines, no plastic surfaces, no smooth gradients, and no hyper-sharp AI detail. It must feel like an original, physical artifact found in a library archive.",Eusebius of Caesarea (c. 260-339) - Bishop and Church Historian | Unbroken worship from apostles to medieval Jerusalem | Typikon Liturgical Book Regulating Services | Eucharist Sacred Meal Bread Wine | Ecclesiastical History | Greek Liturgy,"Eusebius, ed. Kirsopp Lake, Ecclesiastical History. | Galadza, Greek Liturgy in Crusader Jerusalem (2020)."
ALN-0011,"Within the stone-vaulted interior of the twelfth-century Holy Sepulchre in crusader-era Jerusalem, a group of robed Greek Orthodox monks in period tunics gathered around an altar- table, one examining an open hymnal manuscript with illuminated pages showing subtle Easter motifs, another holding a typikon volume inscribed with local Palestinian adaptations, faint background elements of the Resurrection tomb and incense smoke evoking eucharistic meals and hymns echoing Acts 2 temple devotion now at this sacred site, the focal point on the manuscripts amid monastic tuning of Byzantine styles for eastern paths Rendered as a heavy, hand-worked charcoal drawing on rough-textured aged parchment, with thick graphite strokes, deep smudged carbon blacks, and fine cross-hatching. The style mirrors 19th-century tonalism: soft-focus atmospheric edges and a strong sense of physical depth. The image is predominantly monochrome-rich charcoal blacks, charcoal-dust greys, and warm ivory-parchment midtones-with a restrained, ghostly tint of color drawn ONLY from the TheoEngage signature palette: oxidized gold ochre for candlelight and focal warmth; aged lapis indigo for deep, misty shadows; and a muted Byzantine crimson for subtle gravity. Colors appear as thin, dried pigment washes over the charcoal. Lighting is dramatic chiaroscuro, featuring high tonal contrast, deep velvety shadows, and softly glowing highlights. Visible paper fiber, toothy grain, and organic imperfections throughout. The final image must NOT read as digital art: no clean lines, no plastic surfaces, no smooth gradients, and no hyper-sharp AI detail. It must feel like an original, physical artifact found in a library archive.",Eusebius of Caesarea (c. 260-339) - Bishop and Church Historian | Unbroken worship from apostles to medieval Jerusalem | Typikon Liturgical Book Regulating Services | Eucharist Sacred Meal Bread Wine | Ecclesiastical History | Greek Liturgy,"Eusebius, ed. Kirsopp Lake, Ecclesiastical History. | Galadza, Greek Liturgy in Crusader Jerusalem (2020)."
ALN-0012,"A simple gathering of diverse figures in first-century attire, seated around a low wooden table in a shadowed upper room, sharing bread and wine in a temple-free meal under soft candlelight, evoking Acts 2's fellowship with expressions of communal reflection and unity, foreground loaf and cup as focal point, background faint outlines of urban Jerusalem rooftops Rendered as a heavy, hand-worked charcoal drawing on rough-textured aged parchment, with thick graphite strokes, deep smudged carbon blacks, and fine cross-hatching. The style mirrors 19th-century tonalism: soft-focus atmospheric edges and a strong sense of physical depth. The image is predominantly monochrome-rich charcoal blacks, charcoal-dust greys, and warm ivory-parchment midtones-with a restrained, ghostly tint of color drawn ONLY from the TheoEngage signature palette: oxidized gold ochre for candlelight and focal warmth; aged lapis indigo for deep, misty shadows; and a muted Byzantine crimson for subtle gravity. Colors appear as thin, dried pigment washes over the charcoal. Lighting is dramatic chiaroscuro, featuring high tonal contrast, deep velvety shadows, and softly glowing highlights. Visible paper fiber, toothy grain, and organic imperfections throughout. The final image must NOT read as digital art: no clean lines, no plastic surfaces, no smooth gradients, and no hyper-sharp AI detail. It must feel like an original, physical artifact found in a library archive.","Anglicans revive Acts 2 eucharist, balancing tradition and reform. | Paul Bradshaw (1944-present) - Anglican liturgical scholar | Gregory Dix (1901-1952) - Anglican Benedictine liturgist | Justin Martyr (c. 100-165) - Early Christian apologist | Hippolytus of Rome (c. 170-235) - Early Church theologian | Edward Gareth Lloyd (c. 1960-present) - Church of England historian","Bradshaw, Anglican Eucharistic Rites (2023). | Lloyd, Revision of the Eucharist (1997). | Jefford, Didache. | Wallnofer, Biblically Faithful Participation (2024)."
ALN-0013,"In a dimly lit archive room with wooden shelves, two robed scholars from the early twentieth century lean over an open ancient codex on a heavy oak table, one pointing to faded script with a quill, the other noting in a ledger, central focus on the weathered pages resembling Codex Sinaiticus with visible vellum texture and ink details, soft lamplight casting long shadows across monastic stone walls Rendered as a heavy, hand-worked charcoal drawing on rough-textured aged parchment, with thick graphite strokes, deep smudged carbon blacks, and fine cross-hatching. The style mirrors 19th-century tonalism: soft-focus atmospheric edges and a strong sense of physical depth. The image is predominantly monochrome-rich charcoal blacks, charcoal-dust greys, and warm ivory-parchment midtones-with a restrained, ghostly tint of color drawn ONLY from the TheoEngage signature palette: oxidized gold ochre for candlelight and focal warmth; aged lapis indigo for deep, misty shadows; and a muted Byzantine crimson for subtle gravity. Colors appear as thin, dried pigment washes over the charcoal. Lighting is dramatic chiaroscuro, featuring high tonal contrast, deep velvety shadows, and softly glowing highlights. Visible paper fiber, toothy grain, and organic imperfections throughout. The final image must NOT read as digital art: no clean lines, no plastic surfaces, no smooth gradients, and no hyper-sharp AI detail. It must feel like an original, physical artifact found in a library archive.","Anglicans revive Acts 2 eucharist, balancing tradition and reform. | Paul Bradshaw (1944-present) - Anglican liturgical scholar | Gregory Dix (1901-1952) - Anglican Benedictine liturgist | Justin Martyr (c. 100-165) - Early Christian apologist | Hippolytus of Rome (c. 170-235) - Early Church theologian | Edward Gareth Lloyd (c. 1960-present) - Church of England historian","Bradshaw, Anglican Eucharistic Rites (2023). | Lloyd, Revision of the Eucharist (1997). | Jefford, Didache. | Wallnofer, Biblically Faithful Participation (2024)."
ALN-0014,"A long, weathered parchment scroll unrolls horizontally across the frame, revealing a sequence of shadowed vignettes connected by faint thread- paths symbolizing continuity, beginning on the left with a humble Jerusalem upper room where diverse early figures in simple tunics gather around a shared loaf under soft candlelight evoking Acts 2 fellowship; transitioning to a modest assembly in prayer with raised hands and a central bread table representing Didache rites; then a resolute figure in 2nd-century attire standing boldly amid a shadowed forum- space with scrolls, alluding to Justin's witness Rendered as a heavy, hand-worked charcoal drawing on rough-textured aged parchment, with thick graphite strokes, deep smudged carbon blacks, and fine cross-hatching. The style mirrors 19th-century tonalism: soft-focus atmospheric edges and a strong sense of physical depth. The image is predominantly monochrome-rich charcoal blacks, charcoal-dust greys, and warm ivory-parchment midtones-with a restrained, ghostly tint of color drawn ONLY from the TheoEngage signature palette: oxidized gold ochre for candlelight and focal warmth; aged lapis indigo for deep, misty shadows; and a muted Byzantine crimson for subtle gravity. Colors appear as thin, dried pigment washes over the charcoal. Lighting is dramatic chiaroscuro, featuring high tonal contrast, deep velvety shadows, and softly glowing highlights. Visible paper fiber, toothy grain, and organic imperfections throughout. The final image must NOT read as digital art: no clean lines, no plastic surfaces, no smooth gradients, and no hyper-sharp AI detail. It must feel like an original, physical artifact found in a library archive.",Eucharistic tradition weaves seamlessly from Acts 2 to Anglican liturgy. | Justin Martyr (c. 100-165) - Early Christian Apologist | Hippolytus of Rome (c. 170-235) - Early Christian Theologian | Eusebius of Caesarea (c. 260-339) - Church Historian | Didache Early Christian Instructional Manual | Typika Monastic Liturgical Rule Documents,
